,UMAP_1,UMAP_2
AAACCTGCACGACGAA-1,13.379907,7.438735
AAACCTGGTTCCACGG-1,10.780411,-11.001434
AAACCTGTCTCGATGA-1,13.891172,5.9056845
AAACGGGAGCGCTCCA-1,-5.445501,-15.248403
AAAGCAAAGTGAATTG-1,8.793801,-8.617463
AAAGCAACACCGAAAG-1,10.746424,-4.8403625
AAAGTAGTCCCAAGAT-1,-3.1126332,-13.754948
AAATGCCAGTCCATAC-1,8.216535,-10.216161
AAATGCCCAGTAAGAT-1,-4.377739,-23.502502
AACCATGCACTGTCGG-1,8.727667,-3.078396
AACCATGTCTCAACTT-1,-3.00727,-13.95557
AACGTTGTCCTCATTA-1,11.8600025,-9.743234
AACTCAGTCACTTCAT-1,-4.0265822,-23.005201
AACTCTTGTCTTGCGG-1,15.245743,8.107714
AACTCTTGTTCAACCA-1,13.000456,-10.00121
AACTTTCCACGAAGCA-1,-6.2533717,-12.631539
AAGACCTAGTCCCACG-1,9.285032,-6.826241
AAGACCTCAGGGTTAG-1,10.086406,-7.5803256
AAGACCTCAGGTTTCA-1,-4.169342,-14.655579
AAGACCTTCTCAAACG-1,12.957505,5.7788625
AAGACCTTCTTCTGGC-1,13.344879,-9.904061
AAGGAGCAGCCAGAAC-1,-6.2227206,-13.096459
AAGGCAGAGCGTTGCC-1,13.1466875,-9.7779665
AAGGCAGAGCTCAACT-1,-6.609668,-13.592369
AAGGCAGGTCACCTAA-1,8.090223,-8.509443
AAGGTTCCAGCTATTG-1,15.166728,8.282384
AAGGTTCGTATAGTAG-1,-2.8242378,-22.445906
AAGTCTGGTAAGAGGA-1,8.760603,-3.3161786
AATCCAGCATGATCCA-1,13.559938,7.5751147
AATCCAGTCAGTTAGC-1,-4.289759,-24.823431
AATCCAGTCTTGTCAT-1,11.150327,-3.7712011
AATCGGTAGACAGGCT-1,10.010316,-3.709401
ACACCAAAGAAGCCCA-1,10.664503,-10.048043
ACACCAACATCTCGCT-1,8.315747,-6.5157895
ACACCCTCAGTCGATT-1,10.106617,-6.79304
ACACCCTTCGAGCCCA-1,10.648188,-7.4710455
ACACCGGTCTAACTGG-1,14.879302,6.4351797
ACACTGACATGCCACG-1,11.430875,-8.100844
ACACTGATCAACACGT-1,9.446245,-6.423199
ACAGCCGGTAGCGTAG-1,-5.270854,-14.994956
ACATACGTCACTGGGC-1,-6.0917354,-12.497298
ACATCAGAGAGCCCAA-1,8.984397,-9.009455
ACATCAGAGTTTAGGA-1,-4.4422507,-24.93508
ACATCAGCAGATCCAT-1,8.556414,-6.854616
ACATCAGTCTCTTGAT-1,13.397915,7.7165184
ACATGGTAGAGTTGGC-1,-1.7009557,-12.552558
ACATGGTAGCTAAGAT-1,15.0517645,6.877816
ACATGGTGTAAGTTCC-1,-3.7790964,-22.832489
ACATGGTTCCACGTGG-1,15.5665655,6.2975283
ACCCACTAGATATACG-1,14.148859,7.6998625
ACCGTAAAGGATGGTC-1,14.915596,6.2948403
ACCGTAACAACTTGAC-1,8.466726,-7.8123517
ACGAGCCAGCGCTCCA-1,-3.3022022,-24.156506
ACGAGCCAGCTCTCGG-1,-3.4864264,-23.918467
ACGAGGATCTCTTGAT-1,8.676979,-3.087854
ACGATACAGCCGTCGT-1,14.8016205,5.421358
ACGATACCACAGCGTC-1,13.377801,-10.273344
ACGATGTAGACAAGCC-1,-1.5060108,-12.358502
ACGATGTCAAACAACA-1,12.653426,6.687436
ACGATGTCATACGCTA-1,8.176343,-8.263815
ACGATGTTCTACGAGT-1,8.420146,-9.326628
ACGCAGCAGTTACGGG-1,-1.6920182,-12.388331
ACGCCGAAGCCCAACC-1,9.182898,-6.7166
ACGCCGATCAGTCAGT-1,-3.3555906,-14.164749
ACGGAGAAGCGATATA-1,9.063383,-3.4402213
ACGGAGAGTCACACGC-1,8.387725,-9.834791
ACGGCCACAACTGCTA-1,9.595461,-9.003699
ACGGGCTAGTAGATGT-1,13.29007,9.337962
ACGGGCTGTTTGTTTC-1,14.605152,6.361684
ACGGGTCCAGGCTCAC-1,-5.309165,-14.75556
ACGGGTCGTTGTACAC-1,10.11392,-8.371094
ACGTCAATCGCGCCAA-1,11.063713,-8.699587
ACTGAGTCACTGCCAG-1,9.766966,-7.7188263
ACTGAGTTCGACCAGC-1,10.004038,-10.107582
ACTGATGAGCTCTCGG-1,14.040479,9.162695
ACTGATGTCGGTTAAC-1,8.026777,-7.3428316
ACTGCTCAGACCCACC-1,10.279473,-9.220505
ACTGCTCAGAGGGCTT-1,-5.472075,-11.656069
ACTGCTCAGCCTTGAT-1,9.771832,-7.4729915
ACTGCTCAGCTAGTTC-1,9.665786,-6.7861185
ACTGCTCGTGCGGTAA-1,15.554227,5.344462
ACTTACTAGAAACCGC-1,15.09643,7.012215
ACTTGTTCATCCAACA-1,14.44751,7.866161
ACTTGTTCATGACATC-1,10.208415,-8.821277
AGAATAGAGCACGCCT-1,8.839911,-6.859141
AGAATAGTCTCTGCTG-1,9.03985,-11.130881
AGACGTTTCTCGATGA-1,9.097386,-3.38942
AGAGCGAAGCACGCCT-1,13.04798,7.126499
AGAGCGAAGTGTGGCA-1,9.140086,-9.696981
AGAGCGACAACACCCG-1,-1.83924,-12.572761
AGAGCGATCAATCACG-1,8.374537,-8.105025
AGAGCGATCCGTAGTA-1,8.967636,-3.4788952
AGAGCTTAGTACGTTC-1,13.237665,6.888413
AGAGTGGAGTCCGTAT-1,14.815432,6.528919
AGAGTGGCATGCCACG-1,11.834636,-9.075757
AGATCTGAGCGATCCC-1,7.8155966,-8.122999
AGATCTGGTCTCTTTA-1,-6.402753,-13.646527
AGATCTGTCTGTACGA-1,-4.4551516,-25.043709
AGCATACGTTACGTCA-1,13.39683,8.682967
AGCGGTCAGTATCTCG-1,14.5608,5.6683745
AGCGTCGGTGCAGGTA-1,10.056607,-7.152893
AGCTCCTCACTAGTAC-1,-2.013745,-12.698093
AGCTCTCTCCCAAGTA-1,11.697292,-9.621846
AGCTTGAAGGGATGGG-1,-3.0542216,-23.946638
AGCTTGATCCACGTTC-1,13.185203,-9.743833
AGGCCACAGCGCTCCA-1,-3.640923,-23.384413
AGGCCACGTATCGCAT-1,14.146215,5.14339
AGGCCACTCGCTTAGA-1,9.0450945,-6.9735184
AGGTCATGTATTCGTG-1,13.344607,5.8390884
AGGTCATGTCAGTGGA-1,7.6381288,-10.003819
AGGTCATGTTACGACT-1,15.676271,5.5353537
AGGTCCGCACCACGTG-1,14.714793,5.1179123
AGTCTTTCAGTGGGAT-1,-4.3708897,-14.669971
AGTCTTTCATCATCCC-1,9.195183,-6.1689577
AGTCTTTGTATTACCG-1,8.268788,-7.2682867
AGTGAGGCACATTCGA-1,-5.0574384,-14.961221
AGTGAGGGTAATCACC-1,-6.1145573,-13.580293
AGTGGGACAGCCTTGG-1,8.583599,-6.2950225
AGTGGGATCTCTAAGG-1,9.98234,-3.1329806
AGTGTCAAGCCACCTG-1,13.494136,9.265628
AGTGTCACACATGGGA-1,8.988112,-7.661844
AGTTGGTCAGTTAACC-1,8.275902,-9.490361
AGTTGGTGTATCAGTC-1,9.7734375,-8.350284
AGTTGGTGTGACTACT-1,15.708509,5.506164
ATAAGAGAGGGCTCTC-1,11.016895,-3.5289643
ATAAGAGAGTACGCGA-1,14.2296715,7.6298604
ATAAGAGGTGTGCCTG-1,14.658482,8.5645
ATAGACCTCTCACATT-1,14.550023,7.6672893
ATCACGATCAACACCA-1,15.8369465,6.3105125
ATCCACCAGAAACCTA-1,-4.9559097,-14.865689
ATCCACCGTCGACTAT-1,10.084178,-6.1778603
ATCCGAACAAGCCCAC-1,9.312792,-6.987971
ATCCGAATCAAACCGT-1,10.324308,-10.802437
ATCGAGTAGGGTGTTG-1,-4.150503,-23.027704
ATCGAGTGTCGAACAG-1,13.723757,9.252111
ATCTACTAGGAATCGC-1,10.579448,-6.327028
ATCTACTAGTGGACGT-1,10.480735,-11.287767
ATCTACTGTTGAGTTC-1,13.620019,9.45168
ATCTGCCAGGTGGGTT-1,8.919266,-6.238633
ATGAGGGTCGGACAAG-1,-6.1867185,-14.026362
ATGAGGGTCTACTTAC-1,11.26675,-10.538896
ATGCGATAGATGCCAG-1,8.843336,-6.995161
ATGCGATGTCGCATAT-1,10.494687,-10.182371
ATGTGTGTCGGCCGAT-1,9.257448,-11.360029
ATTATCCAGACTACAA-1,10.75396,-3.5163503
ATTATCCCACCGAATT-1,-5.300857,-11.652817
ATTATCCGTCTTCGTC-1,13.56021,7.865198
ATTCTACCAAACAACA-1,9.284018,-5.9111524
ATTCTACCATATACCG-1,9.423097,-10.650565
ATTCTACTCTCCCTGA-1,11.460011,-3.0943716
ATTGGACCATGCAATC-1,15.127107,5.96175
ATTGGTGAGAGTACCG-1,-3.4195251,-14.331767
ATTGGTGTCTGAGGGA-1,8.503582,-2.994356
ATTTCTGCACCACCAG-1,-5.081779,-11.871653
ATTTCTGTCCCGGATG-1,9.116831,-7.571695
ATTTCTGTCTAGAGTC-1,10.2016115,-10.548814
CAACCAACAAGAAGAG-1,10.7664,-4.5563707
CAACCAACAGCTATTG-1,15.372298,5.206939
CAACCTCCATTAGGCT-1,14.335212,4.9857693
CAACTAGCACATAACC-1,-2.6718688,-22.75459
CAACTAGGTTAGATGA-1,-6.586526,-13.278916
CAACTAGTCCTGTACC-1,-3.939724,-14.441958
CAAGAAAAGAGAGCTC-1,10.610989,-7.795209
CAAGAAAGTATGGTTC-1,8.286227,-6.9941907
CAAGATCTCACGCGGT-1,9.0815525,-11.008797
CAAGTTGAGATCTGAA-1,-4.355768,-14.90758
CAAGTTGCAATCTGCA-1,-3.6199853,-23.694523
CACAAACAGATGCCAG-1,11.905823,-10.068081
CACAAACTCGCGATCG-1,8.244847,-7.398548
CACACAAAGCCCTAAT-1,-3.9526021,-24.364288
CACACTCAGTGGACGT-1,-1.6234767,-11.983584
CACAGGCGTACTCTCC-1,8.607182,-9.055767
CACAGGCGTCGAATCT-1,11.119585,-6.807355
CACATAGAGGGATACC-1,13.458784,-10.147403
CACATAGCACACATGT-1,10.18847,-6.407738
CACATAGGTCTCTTTA-1,10.861258,-10.666511
CACATAGTCCCAAGTA-1,15.624083,6.0479264
CACATTTTCTGTCAAG-1,15.216487,6.373357
CACTCCATCCGCAGTG-1,-5.458469,-15.122097
CACTCCATCGTGTAGT-1,13.909932,5.8768716
CAGAATCAGCTCCTCT-1,8.739747,-3.3180277
CAGAATCCAATAACGA-1,10.824584,-7.716307
CAGAGAGCACCTTGTC-1,15.89181,6.542163
CAGATCAAGAAGGCCT-1,13.66816,8.932415
CAGATCACAGCTGCAC-1,9.219809,-8.544858
CAGATCAGTACGCACC-1,13.676616,5.430488
CAGCAGCAGACTAGAT-1,9.956136,-8.182554
CAGCAGCGTGAAAGAG-1,-5.8195853,-12.45441
CAGCAGCGTTGTTTGG-1,14.722726,5.416247
CAGCCGACACAGTCGC-1,8.966936,-5.9798117
CAGCGACCAAACGCGA-1,14.815024,7.698418
CAGCTAACAAGAGTCG-1,14.150513,6.930549
CAGGTGCTCACCACCT-1,-3.1534731,-23.727222
CAGGTGCTCTCCGGTT-1,13.843186,8.708261
CAGTAACAGTGGTAAT-1,-4.10103,-24.22688
CAGTCCTAGGATTCGG-1,-3.4796824,-23.08872
CAGTCCTGTGAGCGAT-1,15.517857,5.7609615
CATATGGTCAGGTAAA-1,13.3632965,9.473678
CATATGGTCGTTTATC-1,9.728743,-11.243146
CATATTCAGACGCTTT-1,-4.585994,-25.091087
CATCAGATCGGGAGTA-1,-2.8795547,-13.618613
CATCCACCAATACGCT-1,-2.7604673,-22.63214
CATCGAAAGGCTCTTA-1,8.093784,-8.759557
CATCGAAAGTACGCGA-1,7.515563,-9.858682
CATCGAATCAACGGGA-1,7.3503256,-10.200428
CATCGGGCAGCTGTAT-1,14.950367,5.1146994
CATCGGGCATAAAGGT-1,14.125395,6.0656266
CATCGGGGTCGCTTTC-1,7.858102,-9.309211
CATCGGGGTTGTACAC-1,14.841601,8.289193
CATGACATCCACGTGG-1,11.019037,-6.746506
CATGCCTCATTGGCGC-1,14.200814,5.107904
CATGGCGCACCCATGG-1,14.592446,8.135987
CATGGCGGTGCAGGTA-1,-4.930934,-12.697704
CATTCGCCATTTCACT-1,8.573148,-8.659412
CCAATCCCACTACAGT-1,-2.9436617,-22.63392
CCACCTAAGGCCCGTT-1,14.452295,5.534005
CCACCTAGTCACTGGC-1,10.894747,-4.2277994
CCACCTATCAGCATGT-1,-4.251155,-14.743816
CCACGGAAGGCCCGTT-1,-6.050359,-13.955444
CCAGCGACACGAAAGC-1,9.288204,-3.37381
CCATGTCCACTTGGAT-1,14.916651,6.6090117
CCATGTCTCCCATTAT-1,-4.8493557,-12.523538
CCCAATCCAGGTGGAT-1,-6.2842097,-12.743956
CCCAATCTCATCTGCC-1,9.231102,-9.414727
CCCAGTTCATCGTCGG-1,-5.7407846,-12.041003
CCCATACGTAGCTAAA-1,14.865846,5.5865126
CCCTCCTTCAAACAAG-1,-4.785462,-13.351028
CCCTCCTTCATTGCGA-1,9.087801,-8.169021
CCGGGATGTTGGTTTG-1,9.67507,-7.3785424
CCGTACTCATCGGGTC-1,14.129938,6.9424353
CCGTGGAAGTAACCCT-1,13.326253,5.9619393
CCGTGGATCTATCCTA-1,11.347187,-3.172455
CCGTTCAGTAGGCTGA-1,8.25886,-10.128639
CCTAAAGGTTCGTCTC-1,13.695807,8.905975
CCTACACCAACTGCTA-1,13.942601,6.0490828
CCTACCAGTAGGGTAC-1,-6.2082133,-13.947361
CCTACCATCGCTTGTC-1,13.6383,5.4251075
CCTAGCTGTGCATCTA-1,14.133286,5.8475013
CCTATTAGTCGCATAT-1,-5.5746226,-14.493627
CCTCAGTCAGCAGTTT-1,14.123957,6.427527
CCTCAGTGTGCAGTAG-1,-2.6176574,-13.375961
CCTCTGAAGAAGATTC-1,14.774791,6.106977
CCTTACGGTTCATGGT-1,12.585221,-9.940766
CCTTACGTCGCCAGCA-1,8.833227,-9.632544
CCTTCGAAGTCTTGCA-1,10.651959,-10.11783
CCTTCGAGTCACACGC-1,8.085361,-9.840992
CCTTTCTTCGTAGATC-1,8.45547,-6.450677
CGAATGTAGAGCTGCA-1,-3.1368577,-23.975824
CGACCTTGTCTTCAAG-1,-2.9486752,-13.476908
CGACTTCGTAGTACCT-1,9.409798,-6.653286
CGACTTCTCTGATACG-1,-3.8442178,-23.355312
CGAGAAGAGCAGCGTA-1,11.00803,-3.3867462
CGAGAAGAGCGATAGC-1,11.186584,-7.974791
CGAGAAGGTTGCGTTA-1,-5.925282,-13.602659
CGAGAAGTCTAGCACA-1,12.914014,6.0284414
CGATGGCGTACTTCTT-1,11.250534,-3.5091708
CGATGGCTCTCGTATT-1,-1.7135562,-12.116759
CGATGTATCCCTTGTG-1,-3.0747197,-22.7711
CGATGTATCGAGAACG-1,14.586761,6.110916
CGCCAAGTCCTAGAAC-1,7.196238,-9.978143
CGCGGTACAAGTACCT-1,9.730162,-6.830015
CGCGGTACAGACGCCT-1,9.430437,-3.2452617
CGCGGTACAGCCTTGG-1,-4.0658383,-24.880516
CGCGTTTGTTCCACAA-1,-5.549689,-11.912328
CGCGTTTGTTCGTTGA-1,-1.4448049,-12.063984
CGCTATCCACTGCCAG-1,13.1814995,5.6557074
CGCTATCCATCTATGG-1,15.887157,5.6733513
CGCTGGATCTGCGACG-1,7.415805,-9.877779
CGCTTCAAGATCCCAT-1,9.443473,-8.514825
CGCTTCAGTAAGCACG-1,10.181793,-3.260148
CGCTTCATCCGAATGT-1,13.655971,-10.226875
CGGACACAGGCTACGA-1,-4.3759184,-24.049376
CGGACACAGTAGGCCA-1,15.999201,6.1387267
CGGACGTAGCTTTGGT-1,8.923815,-10.402439
CGGACGTAGGCTAGCA-1,13.647908,9.068409
CGGACTGAGCAGCCTC-1,9.639473,-10.857558
CGGACTGCACTGTCGG-1,11.056786,-9.77421
CGGACTGGTCCGTCAG-1,7.7022467,-9.422181
CGGACTGGTGGTACAG-1,7.8822856,-9.56447
CGGAGCTCACGACGAA-1,8.160063,-7.934719
CGGAGCTGTTAAGGGC-1,9.351109,-7.2616067
CGGAGCTTCCTGCAGG-1,14.172186,5.0839524
CGGAGTCCACGAGGTA-1,8.485818,-6.7636337
CGGAGTCCAGACACTT-1,13.407254,9.710408
CGGAGTCTCAGCAACT-1,10.872208,-3.5622942
CGGCTAGGTCAGTGGA-1,7.7508397,-7.764106
CGGGTCATCAGGATCT-1,11.200979,-7.5326424
CGGGTCATCCCAGGTG-1,-3.8842413,-15.00417
CGGGTCATCTGCGTAA-1,13.524639,5.5891466
CGGTTAATCCGCAGTG-1,11.097268,-11.128044
CGGTTAATCTGTCCGT-1,-2.7244635,-23.108662
CGTAGCGCACCACGTG-1,-5.611879,-12.190688
CGTAGCGCATGGGAAC-1,10.1301775,-9.6228075
CGTAGGCCAGTCGTGC-1,-3.5756466,-14.144602
CGTAGGCCATTCGACA-1,9.92231,-7.0079107
CGTCACTGTAACGCGA-1,13.72838,6.576274
CGTCAGGTCGGCTTGG-1,9.687469,-10.527655
CGTCCATAGACAATAC-1,14.085564,8.379439
CGTCCATAGGAGCGAG-1,10.199655,-4.656774
CGTCCATCAGCTCGAC-1,-4.9005575,-14.782008
CGTCTACCAAATCCGT-1,11.114466,-7.371228
CGTGAGCAGGGCATGT-1,13.397942,7.006431
CGTGAGCAGTACACCT-1,-3.8741693,-23.904135
CGTGTCTAGCGATAGC-1,12.661005,-9.786254
CGTGTCTAGTGGACGT-1,8.502929,-3.2378495
CGTGTCTCACTCTGTC-1,13.551767,8.755936
CGTTCTGTCGTGGGAA-1,10.303192,-3.1719878
CTAAGACGTACATCCA-1,15.018786,7.45754
CTAAGACGTGACAAAT-1,13.37511,8.070474
CTAAGACGTTGACGTT-1,-4.151475,-14.496701
CTAAGACTCGTGGACC-1,10.81506,-5.6505027
CTAATGGGTACAGTGG-1,15.607099,5.829647
CTACACCAGAAACGCC-1,10.094374,-4.0379095
CTACACCGTCCAGTTA-1,7.58333,-8.958659
CTACATTAGTATTGGA-1,-5.0732503,-11.5933895
CTACCCACACGAAACG-1,9.798088,-9.037316
CTACGTCGTCTCACCT-1,8.2032385,-9.603849
CTAGCCTGTTCGCGAC-1,13.798029,5.202657
CTAGTGAAGCAAATCA-1,11.210811,-3.4269266
CTAGTGACAATGGTCT-1,11.109024,-6.575369
CTAGTGATCGTGACAT-1,10.816401,-10.590464
CTAGTGATCTCCCTGA-1,14.28885,4.902647
CTCAGAACACCCTATC-1,14.295548,7.848477
CTCAGAATCGCAGGCT-1,8.634883,-7.366527
CTCATTACACGAAATA-1,15.176963,6.7578588
CTCGAGGGTCGCATCG-1,9.150146,-7.2172074
CTCGGAGGTCAACTGT-1,15.357625,5.458014
CTCGGAGTCATCACCC-1,14.500537,6.6287436
CTCGGAGTCCTCTAGC-1,-6.4273973,-13.697153
CTCGTCACATTATCTC-1,9.509529,-3.4256282
CTCGTCAGTATGAATG-1,-5.015883,-12.412741
CTCGTCAGTGGTCTCG-1,10.2811165,-9.976756
CTCTAATAGGGTCGAT-1,-4.4121294,-23.417156
CTCTACGAGTGGAGAA-1,12.766526,6.1728373
CTCTACGCAAAGCAAT-1,7.824425,-10.165912
CTCTGGTAGGAGCGTT-1,12.911144,-10.367039
CTCTGGTGTTCCCGAG-1,13.503566,6.1842575
CTCTGGTGTTTGGCGC-1,11.362109,-7.133803
CTGAAACTCCGAATGT-1,8.217507,-8.086052
CTGAAGTGTAGAGCTG-1,-4.435713,-24.675371
CTGATAGGTGAAGGCT-1,8.566021,-10.012278
CTGATAGGTTAAAGAC-1,11.104028,-3.0516927
CTGATCCCAAGCCCAC-1,15.19718,5.340633
CTGCCTAAGGGTGTTG-1,9.564153,-7.4200816
CTGCGGATCGGAGCAA-1,10.8233,-6.5820775
CTGCTGTTCCTCGCAT-1,8.1281805,-8.764162
CTGTTTAGTTAAAGTG-1,13.871755,7.968178
CTGTTTATCGTCCGTT-1,10.332376,-3.8722022
CTTACCGAGTCCATAC-1,14.625123,7.041685
CTTACCGGTCCATCCT-1,10.564778,-8.65356
CTTACCGTCTTGCAAG-1,-3.946203,-14.920681
CTTCTCTCACCGCTAG-1,10.190307,-9.657225
CTTCTCTTCATTCACT-1,10.90322,-4.508158
CTTGGCTAGACTTTCG-1,-5.0958953,-12.590592
GAACGGACAGTCAGCC-1,13.089748,-9.905046
GAACGGAGTGCGAAAC-1,9.6059265,-3.8341143
GAACGGATCCTTCAAT-1,9.176454,-8.477895
GAAGCAGTCACTATTC-1,14.211184,4.901474
GAAGCAGTCGAATCCA-1,14.35386,8.580507
GAATAAGTCCCATTAT-1,8.02242,-8.455971
GAATGAATCGAATGCT-1,-5.1624403,-15.174998
GACACGCAGGGTTCCC-1,10.684245,-6.1862855
GACACGCCAGCCTTGG-1,10.653287,-8.172207
GACACGCCATTTCAGG-1,10.620019,-4.182349
GACAGAGAGATCGATA-1,9.634104,-3.540814
GACAGAGGTATTCGTG-1,-5.6025248,-12.528525
GACAGAGGTGCACGAA-1,13.015024,6.5379624
GACCTGGTCATAACCG-1,-2.6694427,-22.97383
GACGTTAAGTGTACCT-1,15.104313,7.480024
GACGTTATCCACGAAT-1,9.434225,-6.0902195
GACTACACAAGCTGAG-1,15.1785555,5.09636
GACTACAGTAGCGTGA-1,10.6263,-11.105209
GACTGCGGTGCAACTT-1,13.843568,9.541106
GAGCAGAAGATATGCA-1,13.819822,6.5944357
GATCAGTAGTCTCCTC-1,9.666522,-8.781067
GATCAGTGTTTGCATG-1,10.2209425,-4.270315
GATCGATCACATGGGA-1,-3.239458,-23.476831
GATCGCGAGGGCTCTC-1,13.582064,9.951263
GATCGCGGTTGCGCAC-1,10.648234,-9.548538
GATCGTATCTCGGACG-1,13.81205,5.9010916
GATCTAGGTCTAGAGG-1,-5.7407227,-14.359409
GATCTAGTCTTTACAC-1,-1.5320584,-12.125715
GATGAAAAGAAGATTC-1,10.622098,-9.396183
GATGAAAAGACGACGT-1,-3.7278855,-14.623659
GATTCAGCACAGCGTC-1,9.643043,-10.191571
GATTCAGGTAATCGTC-1,-3.144955,-14.218888
GCAAACTAGCCCTAAT-1,10.795272,-10.050379
GCAAACTGTCAGAGGT-1,8.901994,-5.883273
GCAAACTGTTTCCACC-1,15.802894,7.105991
GCACTCTGTAAACCTC-1,14.038734,6.063607
GCAGCCAGTTGAACTC-1,-4.7953563,-12.644062
GCAGTTAAGTATTGGA-1,10.105214,-8.780855
GCAGTTATCGCACTCT-1,15.594473,7.7164855
GCATACATCCCTGACT-1,10.563896,-9.933475
GCATGCGCAGCTGCTG-1,-4.9449463,-12.693894
GCATGTACACCTCGTT-1,-4.7928557,-25.037647
GCCAAATAGATATACG-1,8.564102,-2.9433062
GCCAAATCACCATCCT-1,10.069895,-9.76068
GCCTCTACATCGGAAG-1,12.69321,7.257036
GCCTCTATCAAGAAGT-1,14.983888,7.869465
GCGACCAAGTGACATA-1,-4.3304763,-24.585451
GCGAGAAGTCGAGTTT-1,7.5826273,-9.656257
GCGCCAAAGGCATTGG-1,11.035601,-3.8731601
GCGCGATGTGCTGTAT-1,-2.8088896,-22.509062
GCGCGATTCTTGCATT-1,10.507112,-5.8480844
GCTCCTAGTCTAAAGA-1,8.785719,-10.625152
GCTCTGTAGTCGTTTG-1,15.219937,7.4977407
GCTCTGTGTCTAAAGA-1,15.269619,7.312914
GCTGCAGAGCCCTAAT-1,8.622665,-8.253295
GCTGCAGTCAACGGGA-1,15.197558,7.9645805
GCTGCAGTCGTTTGCC-1,11.564713,-7.9200172
GCTGCAGTCTGCGACG-1,-2.7394202,-22.6174
GCTGCGAAGAACAACT-1,9.481093,-3.0558422
GCTGCGAGTAAACGCG-1,9.939266,-10.688926
GCTGCGATCGAATGCT-1,12.819373,-9.773163
GCTGCTTCAGCTGTAT-1,9.489286,-8.160063
GCTGCTTGTCCGAAGA-1,-3.3755279,-14.060264
GCTGCTTTCCAATGGT-1,7.3582234,-9.760337
GCTGGGTCAATGAATG-1,-4.473303,-24.518202
GCTTCCAAGTGAAGTT-1,-5.8469224,-13.778219
GCTTCCACACGAGGTA-1,10.665586,-6.2235155
GGAAAGCAGGAGTAGA-1,9.6559,-5.7927046
GGAACTTTCACCCTCA-1,-3.0673146,-14.024987
GGAACTTTCTGAGTGT-1,-3.9931781,-14.400781
GGACAGAAGTCAAGGC-1,10.372715,-10.382469
GGACGTCAGGGTGTTG-1,9.985906,-4.001254
GGACGTCCACGCGAAA-1,11.0933485,-8.393869
GGAGCAACATTACGAC-1,-2.1127524,-12.835506
GGAGCAATCTGTCAAG-1,15.459209,6.4624863
GGATGTTAGTGTACGG-1,13.409423,9.019413
GGATGTTTCGTGGTCG-1,-4.3611126,-14.955124
GGATTACAGAGGACGG-1,-5.4062433,-13.032969
GGATTACCACGGTAAG-1,9.363164,-7.9531083
GGATTACGTGCCTGTG-1,-2.872269,-22.602074
GGCAATTCATGATCCA-1,14.858933,5.8314533
GGCAATTGTAAATACG-1,14.564955,5.3020277
GGCCGATCAAGGACTG-1,14.274182,6.326877
GGCGACTCAAATCCGT-1,10.100788,-11.36142
GGCGACTCAGTATAAG-1,-6.4524717,-13.308224
GGCGTGTCAATCCAAC-1,8.9496765,-3.0274968
GGCGTGTTCGTGGACC-1,-3.2694328,-13.957606
GGCTCGACAAGCTGTT-1,7.704926,-9.016708
GGCTCGATCACATACG-1,15.071873,6.543583
GGCTGGTCAGGGCATA-1,13.215817,6.0448265
GGCTGGTGTGTCGCTG-1,14.916947,4.884373
GGGAATGTCCGCAGTG-1,14.431969,5.7715816
GGGACCTCACTCTGTC-1,14.325874,5.349267
GGGACCTCAGACGCAA-1,-5.1249385,-12.988947
GGGACCTGTTATCGGT-1,-6.181312,-12.6882715
GGGAGATAGGTGCTTT-1,-4.3597984,-23.530668
GGGATGATCCGAAGAG-1,-5.203347,-15.202791
GGGCATCCAGTCGATT-1,10.319441,-6.6833153
GGGCATCGTACCCAAT-1,-5.496664,-12.086161
GGGTCTGCATTGTGCA-1,10.515196,-8.9897785
GGTATTGCACAGAGGT-1,9.78802,-9.386996
GGTATTGGTCGGCACT-1,10.763557,-7.1844544
GGTGAAGTCGACCAGC-1,15.552065,7.5183835
GGTGCGTGTATATCCG-1,7.410579,-9.314388
GGTGTTAAGCTAGTGG-1,-4.661955,-24.833075
GGTGTTATCAGTGCAT-1,8.445689,-10.493273
GTAACGTAGCTAACAA-1,10.4760065,-4.823262
GTAACGTGTCTTGTCC-1,9.2909975,-8.1553545
GTAACGTGTTGAGTTC-1,15.017288,7.946293
GTAACGTGTTTGCATG-1,11.033792,-11.086726
GTAACTGGTAAGTTCC-1,13.250509,-10.241096
GTAACTGGTCGCGTGT-1,10.762621,-4.0974693
GTAGGCCAGCTAACAA-1,9.1779785,-9.277916
GTAGGCCCAGCCTATA-1,14.0591545,7.8582797
GTAGGCCTCAACGGGA-1,12.874431,7.3157616
GTAGGCCTCTCGAGTA-1,13.114193,-10.248269
GTATCTTAGGTGATAT-1,13.154152,8.949018
GTATCTTTCATCGGAT-1,8.896395,-8.01498
GTATTCTTCACCATAG-1,14.798808,6.222328
GTATTCTTCCGTCATC-1,11.289137,-10.4514885
GTCAAGTAGAGGTTGC-1,10.67811,-6.870034
GTCACAAGTTCCTCCA-1,13.955509,5.425728
GTCACGGCATGGATGG-1,12.714024,7.2008557
GTCATTTAGTGTGAAT-1,12.711653,6.7684608
GTCATTTGTAGGAGTC-1,8.553246,-10.0863495
GTCATTTTCACCGTAA-1,14.287365,7.1713886
GTCATTTTCCCAACGG-1,7.5412517,-9.561942
GTCCTCACATTCTCAT-1,11.168406,-10.83759
GTCCTCATCTGTCCGT-1,-2.5621555,-22.831942
GTCGTAAAGCTGATAA-1,10.180064,-10.262917
GTCGTAATCCTAGGGC-1,10.954249,-3.8615513
GTCGTAATCTTTAGTC-1,-6.3691487,-13.226953
GTCTTCGAGCGTCTAT-1,8.474656,-7.884505
GTGCAGCAGATGCGAC-1,11.007244,-7.4302154
GTGCAGCGTTGGAGGT-1,-3.7096229,-22.713808
GTGCATACACGCTTTC-1,10.433597,-3.484199
GTGCATACATGGTCTA-1,12.106654,-10.016772
GTGCGGTCACGAAATA-1,-3.2107062,-22.678099
GTGCTTCCACATAACC-1,-3.508027,-23.18792
GTGGGTCAGAGGTTGC-1,-2.885846,-23.587202
GTGGGTCCAAGCTGAG-1,9.369045,-11.134962
GTGGGTCTCCAGAGGA-1,12.923723,-10.14011
GTGTTAGAGCTGCAAG-1,15.621185,7.8106093
GTGTTAGCAACTGCTA-1,14.271724,7.5222964
GTTAAGCCATTCTCAT-1,8.07322,-7.173619
GTTAAGCTCAAGGTAA-1,9.059187,-8.490626
GTTCATTAGAGTCTGG-1,9.682171,-10.989097
GTTCGGGAGCTTATCG-1,10.7740345,-11.387695
GTTCTCGAGGCATGTG-1,13.4631405,5.6721635
GTTCTCGAGTACGTTC-1,-5.5558143,-13.274671
GTTCTCGGTCTAGCGC-1,13.753266,6.4164314
GTTTCTACAGATCCAT-1,15.400264,5.775992
TAAACCGAGCCACCTG-1,14.36684,7.769867
TAAGAGACACGTAAGG-1,13.252192,7.162186
TAAGAGACATGGATGG-1,7.6457453,-10.199793
TAAGAGATCCCGGATG-1,14.785574,6.9174757
TACAGTGGTTCCACGG-1,-6.209457,-13.719855
TACCTATAGCGAGAAA-1,8.870055,-7.4693875
TACCTATGTCGCATCG-1,9.858221,-3.4712586
TACCTTAGTCCAACTA-1,10.362248,-9.332673
TACCTTATCGTGGGAA-1,-3.9415548,-23.000397
TACGGATAGGCAATTA-1,14.00926,5.558494
TACGGATCATGGAATA-1,11.36166,-3.109075
TACGGATGTATAAACG-1,9.823088,-6.24502
TACGGGCAGTCTCGGC-1,13.306257,9.068377
TACGGTAAGAGTAATC-1,10.071485,-3.2379255
TACGGTAAGCTACCTA-1,10.045346,-4.5050554
TACGGTACAAGTTCTG-1,10.772483,-10.49892
TACTCATTCAAGGTAA-1,11.49946,-7.773056
TACTCGCGTCTTGCGG-1,9.411388,-5.886006
TACTTACTCTCCAACC-1,-5.6735005,-11.846535
TAGCCGGGTCGAACAG-1,11.069942,-9.753974
TAGCCGGGTTCGTGAT-1,-2.6023853,-22.655136
TAGGCATGTCTCCATC-1,9.689292,-6.637464
TAGGCATTCAAACCAC-1,15.304518,5.601075
TAGTTGGAGTGTTGAA-1,-6.0851436,-12.906596
TAGTTGGGTAGTACCT-1,15.18587,5.4975824
TAGTTGGTCACGAAGG-1,15.959746,6.0615005
TATCTCAAGCTACCTA-1,10.114525,-4.0267544
TATCTCACAAGGACAC-1,13.413065,9.360016
TATCTCACAATCACAC-1,-4.868116,-15.11611
TATTACCCACCGAAAG-1,-5.3972793,-14.887549
TATTACCTCGTAGGTT-1,10.164654,-9.656739
TCAACGAAGACGCTTT-1,8.032371,-8.862275
TCAACGATCTTTAGGG-1,14.603143,6.008372
TCACAAGAGTAGCGGT-1,-4.9872255,-14.830938
TCAGCTCAGTCGCCGT-1,15.073234,6.2237005
TCAGCTCAGTGCTGCC-1,-4.347124,-23.767502
TCAGCTCGTGGACGAT-1,-6.4306297,-13.840314
TCAGCTCGTTGATTGC-1,10.377757,-6.4864817
TCAGGATAGACAGGCT-1,-3.4680042,-13.989198
TCAGGATCACTGTGTA-1,15.010854,5.558123
TCAGGATGTCTAGTCA-1,14.208869,6.4612303
TCAGGTACATAACCTG-1,13.724386,5.645451
TCATTACCACATCTTT-1,7.9328456,-8.715389
TCATTACTCACCGTAA-1,10.810258,-6.826562
TCATTTGTCCACTCCA-1,-3.114039,-13.750266
TCCACACCACTCGACG-1,-4.7936883,-12.465349
TCCCGATTCCATGAAC-1,13.357928,-10.085734
TCCCGATTCCGTAGGC-1,15.103965,7.6975713
TCGAGGCGTATGCTTG-1,9.310189,-7.6477585
TCGAGGCTCTGAGTGT-1,10.875935,-7.5708075
TCGCGAGGTTGGGACA-1,12.915683,7.2422748
TCGGGACAGTCAAGGC-1,-4.8310285,-24.608992
TCGGGACCAGGTGCCT-1,-5.876508,-11.887152
TCGGGACCATCACCCT-1,-4.1469173,-23.857422
TCGGGACGTTCGGGCT-1,14.772887,5.137907
TCGGTAACATTGGCGC-1,10.607385,-9.845345
TCGTACCAGTTACGGG-1,7.4910235,-9.030457
TCGTACCTCAACGCTA-1,7.4450693,-9.4179735
TCGTACCTCTGTACGA-1,-5.3673296,-14.85968
TCGTAGATCGCATGGC-1,9.658583,-3.517819
TCTATTGCACTGAAGG-1,7.2924724,-9.50767
TCTCATAGTGTAACGG-1,-4.3806224,-24.510576
TCTGAGACAGCTGTGC-1,-3.3573554,-23.498314
TCTGGAATCGAGCCCA-1,14.469084,6.2581367
TCTTCGGGTAGGACAC-1,-4.6355762,-24.887941
TCTTTCCGTCGCGTGT-1,10.415456,-4.0629306
TGACAACAGATATGGT-1,-5.442407,-12.706759
TGACGGCAGAGAGCTC-1,10.237621,-4.2084265
TGACGGCGTAAGTAGT-1,8.744931,-7.8157454
TGACTTTCATTCTCAT-1,13.178053,6.4078484
TGACTTTTCAAACCGT-1,14.54977,5.6752434
TGACTTTTCGTAGATC-1,11.202905,-9.87228
TGAGCATCATGCTGGC-1,11.313715,-3.126715
TGAGCCGGTCGGCATC-1,9.266316,-10.9851465
TGAGGGAAGCGTGAAC-1,14.156642,7.2658424
TGAGGGACATACCATG-1,-5.148985,-12.175034
TGCACCTCAAGTTCTG-1,-4.6785097,-23.796896
TGCACCTCAGCCTGTG-1,12.801557,-9.890882
TGCACCTTCCAAGTAC-1,14.142553,6.142771
TGCCAAAGTGTGCCTG-1,-3.374772,-23.919804
TGCCCATTCGGTCTAA-1,-3.551935,-13.870089
TGCCCATTCTGCTTGC-1,11.233665,-3.0485961
TGCCCTACATGGAATA-1,11.130277,-10.549474
TGCGCAGCACTTCGAA-1,14.562897,7.301373
TGCGGGTCAGATGGGT-1,10.390742,-10.096595
TGCGGGTCATCGACGC-1,-1.9554725,-12.378471
TGCGGGTGTATGGTTC-1,9.966307,-10.074039
TGCGTGGGTAGCTGCC-1,8.920048,-3.4980261
TGCGTGGTCCAGGGCT-1,9.901336,-7.948624
TGCTACCCAAGAAGAG-1,-2.9729953,-14.206639
TGCTACCTCACAAACC-1,-5.131591,-12.922287
TGCTACCTCCCTTGCA-1,-3.981656,-23.312304
TGCTGCTCATCGACGC-1,-5.495584,-11.843683
TGCTGCTGTAACGTTC-1,12.203986,-9.770777
TGCTGCTTCACAGGCC-1,-2.8201761,-13.740703
TGGACGCCACGGACAA-1,9.521792,-8.588071
TGGACGCCACTTACGA-1,8.706307,-6.6314607
TGGACGCCAGCCAGAA-1,-1.673391,-12.27588
TGGACGCGTTACGACT-1,14.164521,9.166078
TGGACGCTCTGGCGTG-1,13.981772,7.4253645
TGGCGCAGTAAGTAGT-1,14.608946,5.0914207
TGGCTGGTCGAATGCT-1,9.806561,-11.353333
TGGGAAGAGGCGCTCT-1,13.876083,9.466641
TGGGAAGGTACAAGTA-1,-5.92919,-13.345958
TGGGCGTCATAGGATA-1,15.478699,6.3174677
TGGTTAGCAAGAAGAG-1,-5.954017,-12.042084
TGGTTAGCATGTCGAT-1,8.698526,-3.4431856
TGTATTCAGCAGCCTC-1,9.315904,-7.7714505
TGTATTCAGCGAAGGG-1,9.8847885,-11.205817
TGTCCCACAGCTGTTA-1,-4.134491,-24.859219
TGTCCCAGTCGCGTGT-1,14.714333,4.915435
TGTGGTAGTTCCAACA-1,13.2799425,5.459694
TGTGTTTCATTACGAC-1,-6.1837215,-13.8961735
TTAGGCACAGAAGCAC-1,10.4956255,-4.3361707
TTAGGCAGTACTCGCG-1,13.602918,6.3533106
TTAGTTCAGCTAACAA-1,11.095143,-10.9398775
TTAGTTCCATCCGGGT-1,10.230751,-8.463895
TTAGTTCGTCTTCTCG-1,14.352295,8.492975
TTAGTTCTCTCTGCTG-1,15.437879,5.8257985
TTATGCTTCCCAAGTA-1,12.98766,6.9929905
TTATGCTTCCTTAATC-1,11.123101,-3.0518177
TTCCCAGCATAAGACA-1,8.705659,-2.9767835
TTCCCAGGTTGTTTGG-1,14.841542,8.098406
TTCGGTCAGACAATAC-1,11.034884,-6.545065
TTCGGTCCAATCCGAT-1,10.414602,-7.2505937
TTCGGTCCACTGTTAG-1,10.281449,-6.729404
TTCGGTCTCAGCTCTC-1,-2.708268,-22.856016
TTCTACAAGAGCAATT-1,15.162563,6.676489
TTCTCCTTCACCGTAA-1,-5.095735,-11.804278
TTCTTAGGTTTGGGCC-1,13.239698,-10.041572
TTCTTAGTCATGGTCA-1,14.678742,4.7294173
TTGCCGTAGCTATGCT-1,12.445821,-9.719241
TTGCCGTGTTGCGCAC-1,-5.3849826,-12.2108135
TTGCCGTGTTGTTTGG-1,-6.0198154,-12.210963
TTGCGTCAGCAGATCG-1,-4.132701,-13.79502
TTGGAACAGTTGCAGG-1,8.770035,-9.558036
TTGGCAAAGTGGTAAT-1,-1.576465,-12.167442
TTGTAGGAGGTGGGTT-1,9.932796,-7.172985
TTTACTGCAGACGCTC-1,10.403818,-9.38376
TTTATGCTCGATAGAA-1,8.896963,-6.051323
TTTCCTCGTATCACCA-1,-5.1209464,-12.170093
TTTCCTCTCCAGGGCT-1,15.332418,5.9392877
TTTGCGCAGGACAGCT-1,13.784097,9.668094
TTTGGTTCAGACTCGC-1,-3.001717,-23.768879
TTTGTCAAGTGGAGAA-1,-3.888837,-24.54487
TTTGTCACAAGCCATT-1,10.387914,-3.639785
TTTGTCAGTCGATTGT-1,13.934159,9.157809
TTTGTCAGTGCGCTTG-1,12.640092,-9.994516
