,leiden
AAACCTGCACGACGAA-1,1
AAACCTGGTTCCACGG-1,0
AAACCTGTCTCGATGA-1,1
AAACGGGAGCGCTCCA-1,4
AAAGCAAAGTGAATTG-1,0
AAAGCAACACCGAAAG-1,2
AAAGTAGTCCCAAGAT-1,4
AAATGCCAGTCCATAC-1,0
AAATGCCCAGTAAGAT-1,3
AACCATGCACTGTCGG-1,2
AACCATGTCTCAACTT-1,4
AACGTTGTCCTCATTA-1,6
AACTCAGTCACTTCAT-1,3
AACTCTTGTCTTGCGG-1,1
AACTCTTGTTCAACCA-1,6
AACTTTCCACGAAGCA-1,5
AAGACCTAGTCCCACG-1,0
AAGACCTCAGGGTTAG-1,0
AAGACCTCAGGTTTCA-1,4
AAGACCTTCTCAAACG-1,1
AAGACCTTCTTCTGGC-1,6
AAGGAGCAGCCAGAAC-1,5
AAGGCAGAGCGTTGCC-1,6
AAGGCAGAGCTCAACT-1,5
AAGGCAGGTCACCTAA-1,0
AAGGTTCCAGCTATTG-1,1
AAGGTTCGTATAGTAG-1,3
AAGTCTGGTAAGAGGA-1,2
AATCCAGCATGATCCA-1,1
AATCCAGTCAGTTAGC-1,3
AATCCAGTCTTGTCAT-1,2
AATCGGTAGACAGGCT-1,2
ACACCAAAGAAGCCCA-1,0
ACACCAACATCTCGCT-1,0
ACACCCTCAGTCGATT-1,0
ACACCCTTCGAGCCCA-1,0
ACACCGGTCTAACTGG-1,1
ACACTGACATGCCACG-1,0
ACACTGATCAACACGT-1,0
ACAGCCGGTAGCGTAG-1,4
ACATACGTCACTGGGC-1,5
ACATCAGAGAGCCCAA-1,0
ACATCAGAGTTTAGGA-1,3
ACATCAGCAGATCCAT-1,0
ACATCAGTCTCTTGAT-1,1
ACATGGTAGAGTTGGC-1,4
ACATGGTAGCTAAGAT-1,1
ACATGGTGTAAGTTCC-1,3
ACATGGTTCCACGTGG-1,1
ACCCACTAGATATACG-1,1
ACCGTAAAGGATGGTC-1,1
ACCGTAACAACTTGAC-1,0
ACGAGCCAGCGCTCCA-1,3
ACGAGCCAGCTCTCGG-1,3
ACGAGGATCTCTTGAT-1,2
ACGATACAGCCGTCGT-1,1
ACGATACCACAGCGTC-1,6
ACGATGTAGACAAGCC-1,4
ACGATGTCAAACAACA-1,1
ACGATGTCATACGCTA-1,0
ACGATGTTCTACGAGT-1,0
ACGCAGCAGTTACGGG-1,4
ACGCCGAAGCCCAACC-1,0
ACGCCGATCAGTCAGT-1,4
ACGGAGAAGCGATATA-1,2
ACGGAGAGTCACACGC-1,0
ACGGCCACAACTGCTA-1,0
ACGGGCTAGTAGATGT-1,1
ACGGGCTGTTTGTTTC-1,1
ACGGGTCCAGGCTCAC-1,4
ACGGGTCGTTGTACAC-1,0
ACGTCAATCGCGCCAA-1,0
ACTGAGTCACTGCCAG-1,0
ACTGAGTTCGACCAGC-1,0
ACTGATGAGCTCTCGG-1,1
ACTGATGTCGGTTAAC-1,0
ACTGCTCAGACCCACC-1,0
ACTGCTCAGAGGGCTT-1,5
ACTGCTCAGCCTTGAT-1,0
ACTGCTCAGCTAGTTC-1,0
ACTGCTCGTGCGGTAA-1,1
ACTTACTAGAAACCGC-1,1
ACTTGTTCATCCAACA-1,1
ACTTGTTCATGACATC-1,0
AGAATAGAGCACGCCT-1,0
AGAATAGTCTCTGCTG-1,0
AGACGTTTCTCGATGA-1,2
AGAGCGAAGCACGCCT-1,1
AGAGCGAAGTGTGGCA-1,0
AGAGCGACAACACCCG-1,4
AGAGCGATCAATCACG-1,0
AGAGCGATCCGTAGTA-1,2
AGAGCTTAGTACGTTC-1,1
AGAGTGGAGTCCGTAT-1,1
AGAGTGGCATGCCACG-1,6
AGATCTGAGCGATCCC-1,0
AGATCTGGTCTCTTTA-1,5
AGATCTGTCTGTACGA-1,3
AGCATACGTTACGTCA-1,1
AGCGGTCAGTATCTCG-1,1
AGCGTCGGTGCAGGTA-1,0
AGCTCCTCACTAGTAC-1,4
AGCTCTCTCCCAAGTA-1,6
AGCTTGAAGGGATGGG-1,3
AGCTTGATCCACGTTC-1,6
AGGCCACAGCGCTCCA-1,3
AGGCCACGTATCGCAT-1,1
AGGCCACTCGCTTAGA-1,0
AGGTCATGTATTCGTG-1,1
AGGTCATGTCAGTGGA-1,0
AGGTCATGTTACGACT-1,1
AGGTCCGCACCACGTG-1,1
AGTCTTTCAGTGGGAT-1,4
AGTCTTTCATCATCCC-1,0
AGTCTTTGTATTACCG-1,0
AGTGAGGCACATTCGA-1,4
AGTGAGGGTAATCACC-1,5
AGTGGGACAGCCTTGG-1,0
AGTGGGATCTCTAAGG-1,2
AGTGTCAAGCCACCTG-1,1
AGTGTCACACATGGGA-1,0
AGTTGGTCAGTTAACC-1,0
AGTTGGTGTATCAGTC-1,0
AGTTGGTGTGACTACT-1,1
ATAAGAGAGGGCTCTC-1,2
ATAAGAGAGTACGCGA-1,1
ATAAGAGGTGTGCCTG-1,1
ATAGACCTCTCACATT-1,1
ATCACGATCAACACCA-1,1
ATCCACCAGAAACCTA-1,4
ATCCACCGTCGACTAT-1,0
ATCCGAACAAGCCCAC-1,0
ATCCGAATCAAACCGT-1,0
ATCGAGTAGGGTGTTG-1,3
ATCGAGTGTCGAACAG-1,1
ATCTACTAGGAATCGC-1,0
ATCTACTAGTGGACGT-1,0
ATCTACTGTTGAGTTC-1,1
ATCTGCCAGGTGGGTT-1,0
ATGAGGGTCGGACAAG-1,5
ATGAGGGTCTACTTAC-1,0
ATGCGATAGATGCCAG-1,0
ATGCGATGTCGCATAT-1,0
ATGTGTGTCGGCCGAT-1,0
ATTATCCAGACTACAA-1,2
ATTATCCCACCGAATT-1,5
ATTATCCGTCTTCGTC-1,1
ATTCTACCAAACAACA-1,0
ATTCTACCATATACCG-1,0
ATTCTACTCTCCCTGA-1,2
ATTGGACCATGCAATC-1,1
ATTGGTGAGAGTACCG-1,4
ATTGGTGTCTGAGGGA-1,2
ATTTCTGCACCACCAG-1,5
ATTTCTGTCCCGGATG-1,0
ATTTCTGTCTAGAGTC-1,0
CAACCAACAAGAAGAG-1,2
CAACCAACAGCTATTG-1,1
CAACCTCCATTAGGCT-1,1
CAACTAGCACATAACC-1,3
CAACTAGGTTAGATGA-1,5
CAACTAGTCCTGTACC-1,4
CAAGAAAAGAGAGCTC-1,0
CAAGAAAGTATGGTTC-1,0
CAAGATCTCACGCGGT-1,0
CAAGTTGAGATCTGAA-1,4
CAAGTTGCAATCTGCA-1,3
CACAAACAGATGCCAG-1,6
CACAAACTCGCGATCG-1,0
CACACAAAGCCCTAAT-1,3
CACACTCAGTGGACGT-1,4
CACAGGCGTACTCTCC-1,0
CACAGGCGTCGAATCT-1,0
CACATAGAGGGATACC-1,6
CACATAGCACACATGT-1,0
CACATAGGTCTCTTTA-1,0
CACATAGTCCCAAGTA-1,1
CACATTTTCTGTCAAG-1,1
CACTCCATCCGCAGTG-1,4
CACTCCATCGTGTAGT-1,1
CAGAATCAGCTCCTCT-1,2
CAGAATCCAATAACGA-1,0
CAGAGAGCACCTTGTC-1,1
CAGATCAAGAAGGCCT-1,1
CAGATCACAGCTGCAC-1,0
CAGATCAGTACGCACC-1,1
CAGCAGCAGACTAGAT-1,0
CAGCAGCGTGAAAGAG-1,5
CAGCAGCGTTGTTTGG-1,1
CAGCCGACACAGTCGC-1,0
CAGCGACCAAACGCGA-1,1
CAGCTAACAAGAGTCG-1,1
CAGGTGCTCACCACCT-1,3
CAGGTGCTCTCCGGTT-1,1
CAGTAACAGTGGTAAT-1,3
CAGTCCTAGGATTCGG-1,3
CAGTCCTGTGAGCGAT-1,1
CATATGGTCAGGTAAA-1,1
CATATGGTCGTTTATC-1,0
CATATTCAGACGCTTT-1,3
CATCAGATCGGGAGTA-1,4
CATCCACCAATACGCT-1,3
CATCGAAAGGCTCTTA-1,0
CATCGAAAGTACGCGA-1,0
CATCGAATCAACGGGA-1,0
CATCGGGCAGCTGTAT-1,1
CATCGGGCATAAAGGT-1,1
CATCGGGGTCGCTTTC-1,0
CATCGGGGTTGTACAC-1,1
CATGACATCCACGTGG-1,0
CATGCCTCATTGGCGC-1,1
CATGGCGCACCCATGG-1,1
CATGGCGGTGCAGGTA-1,5
CATTCGCCATTTCACT-1,0
CCAATCCCACTACAGT-1,3
CCACCTAAGGCCCGTT-1,1
CCACCTAGTCACTGGC-1,2
CCACCTATCAGCATGT-1,4
CCACGGAAGGCCCGTT-1,5
CCAGCGACACGAAAGC-1,2
CCATGTCCACTTGGAT-1,1
CCATGTCTCCCATTAT-1,5
CCCAATCCAGGTGGAT-1,5
CCCAATCTCATCTGCC-1,0
CCCAGTTCATCGTCGG-1,5
CCCATACGTAGCTAAA-1,1
CCCTCCTTCAAACAAG-1,5
CCCTCCTTCATTGCGA-1,0
CCGGGATGTTGGTTTG-1,0
CCGTACTCATCGGGTC-1,1
CCGTGGAAGTAACCCT-1,1
CCGTGGATCTATCCTA-1,2
CCGTTCAGTAGGCTGA-1,0
CCTAAAGGTTCGTCTC-1,1
CCTACACCAACTGCTA-1,1
CCTACCAGTAGGGTAC-1,5
CCTACCATCGCTTGTC-1,1
CCTAGCTGTGCATCTA-1,1
CCTATTAGTCGCATAT-1,4
CCTCAGTCAGCAGTTT-1,1
CCTCAGTGTGCAGTAG-1,4
CCTCTGAAGAAGATTC-1,1
CCTTACGGTTCATGGT-1,6
CCTTACGTCGCCAGCA-1,0
CCTTCGAAGTCTTGCA-1,0
CCTTCGAGTCACACGC-1,0
CCTTTCTTCGTAGATC-1,0
CGAATGTAGAGCTGCA-1,3
CGACCTTGTCTTCAAG-1,4
CGACTTCGTAGTACCT-1,0
CGACTTCTCTGATACG-1,3
CGAGAAGAGCAGCGTA-1,2
CGAGAAGAGCGATAGC-1,0
CGAGAAGGTTGCGTTA-1,5
CGAGAAGTCTAGCACA-1,1
CGATGGCGTACTTCTT-1,2
CGATGGCTCTCGTATT-1,4
CGATGTATCCCTTGTG-1,3
CGATGTATCGAGAACG-1,1
CGCCAAGTCCTAGAAC-1,0
CGCGGTACAAGTACCT-1,0
CGCGGTACAGACGCCT-1,2
CGCGGTACAGCCTTGG-1,3
CGCGTTTGTTCCACAA-1,5
CGCGTTTGTTCGTTGA-1,4
CGCTATCCACTGCCAG-1,1
CGCTATCCATCTATGG-1,1
CGCTGGATCTGCGACG-1,0
CGCTTCAAGATCCCAT-1,0
CGCTTCAGTAAGCACG-1,2
CGCTTCATCCGAATGT-1,6
CGGACACAGGCTACGA-1,3
CGGACACAGTAGGCCA-1,1
CGGACGTAGCTTTGGT-1,0
CGGACGTAGGCTAGCA-1,1
CGGACTGAGCAGCCTC-1,0
CGGACTGCACTGTCGG-1,0
CGGACTGGTCCGTCAG-1,0
CGGACTGGTGGTACAG-1,0
CGGAGCTCACGACGAA-1,0
CGGAGCTGTTAAGGGC-1,0
CGGAGCTTCCTGCAGG-1,1
CGGAGTCCACGAGGTA-1,0
CGGAGTCCAGACACTT-1,1
CGGAGTCTCAGCAACT-1,2
CGGCTAGGTCAGTGGA-1,0
CGGGTCATCAGGATCT-1,0
CGGGTCATCCCAGGTG-1,4
CGGGTCATCTGCGTAA-1,1
CGGTTAATCCGCAGTG-1,0
CGGTTAATCTGTCCGT-1,3
CGTAGCGCACCACGTG-1,5
CGTAGCGCATGGGAAC-1,0
CGTAGGCCAGTCGTGC-1,4
CGTAGGCCATTCGACA-1,0
CGTCACTGTAACGCGA-1,1
CGTCAGGTCGGCTTGG-1,0
CGTCCATAGACAATAC-1,1
CGTCCATAGGAGCGAG-1,2
CGTCCATCAGCTCGAC-1,4
CGTCTACCAAATCCGT-1,0
CGTGAGCAGGGCATGT-1,1
CGTGAGCAGTACACCT-1,3
CGTGTCTAGCGATAGC-1,6
CGTGTCTAGTGGACGT-1,2
CGTGTCTCACTCTGTC-1,1
CGTTCTGTCGTGGGAA-1,2
CTAAGACGTACATCCA-1,1
CTAAGACGTGACAAAT-1,1
CTAAGACGTTGACGTT-1,4
CTAAGACTCGTGGACC-1,0
CTAATGGGTACAGTGG-1,1
CTACACCAGAAACGCC-1,2
CTACACCGTCCAGTTA-1,0
CTACATTAGTATTGGA-1,5
CTACCCACACGAAACG-1,0
CTACGTCGTCTCACCT-1,0
CTAGCCTGTTCGCGAC-1,1
CTAGTGAAGCAAATCA-1,2
CTAGTGACAATGGTCT-1,0
CTAGTGATCGTGACAT-1,0
CTAGTGATCTCCCTGA-1,1
CTCAGAACACCCTATC-1,1
CTCAGAATCGCAGGCT-1,0
CTCATTACACGAAATA-1,1
CTCGAGGGTCGCATCG-1,0
CTCGGAGGTCAACTGT-1,1
CTCGGAGTCATCACCC-1,1
CTCGGAGTCCTCTAGC-1,5
CTCGTCACATTATCTC-1,2
CTCGTCAGTATGAATG-1,5
CTCGTCAGTGGTCTCG-1,0
CTCTAATAGGGTCGAT-1,3
CTCTACGAGTGGAGAA-1,1
CTCTACGCAAAGCAAT-1,0
CTCTGGTAGGAGCGTT-1,6
CTCTGGTGTTCCCGAG-1,1
CTCTGGTGTTTGGCGC-1,0
CTGAAACTCCGAATGT-1,0
CTGAAGTGTAGAGCTG-1,3
CTGATAGGTGAAGGCT-1,0
CTGATAGGTTAAAGAC-1,2
CTGATCCCAAGCCCAC-1,1
CTGCCTAAGGGTGTTG-1,0
CTGCGGATCGGAGCAA-1,0
CTGCTGTTCCTCGCAT-1,0
CTGTTTAGTTAAAGTG-1,1
CTGTTTATCGTCCGTT-1,2
CTTACCGAGTCCATAC-1,1
CTTACCGGTCCATCCT-1,0
CTTACCGTCTTGCAAG-1,4
CTTCTCTCACCGCTAG-1,0
CTTCTCTTCATTCACT-1,2
CTTGGCTAGACTTTCG-1,5
GAACGGACAGTCAGCC-1,6
GAACGGAGTGCGAAAC-1,2
GAACGGATCCTTCAAT-1,0
GAAGCAGTCACTATTC-1,1
GAAGCAGTCGAATCCA-1,1
GAATAAGTCCCATTAT-1,0
GAATGAATCGAATGCT-1,4
GACACGCAGGGTTCCC-1,0
GACACGCCAGCCTTGG-1,0
GACACGCCATTTCAGG-1,2
GACAGAGAGATCGATA-1,2
GACAGAGGTATTCGTG-1,5
GACAGAGGTGCACGAA-1,1
GACCTGGTCATAACCG-1,3
GACGTTAAGTGTACCT-1,1
GACGTTATCCACGAAT-1,0
GACTACACAAGCTGAG-1,1
GACTACAGTAGCGTGA-1,0
GACTGCGGTGCAACTT-1,1
GAGCAGAAGATATGCA-1,1
GATCAGTAGTCTCCTC-1,0
GATCAGTGTTTGCATG-1,2
GATCGATCACATGGGA-1,3
GATCGCGAGGGCTCTC-1,2
GATCGCGGTTGCGCAC-1,0
GATCGTATCTCGGACG-1,1
GATCTAGGTCTAGAGG-1,4
GATCTAGTCTTTACAC-1,4
GATGAAAAGAAGATTC-1,0
GATGAAAAGACGACGT-1,4
GATTCAGCACAGCGTC-1,0
GATTCAGGTAATCGTC-1,4
GCAAACTAGCCCTAAT-1,0
GCAAACTGTCAGAGGT-1,0
GCAAACTGTTTCCACC-1,1
GCACTCTGTAAACCTC-1,1
GCAGCCAGTTGAACTC-1,5
GCAGTTAAGTATTGGA-1,0
GCAGTTATCGCACTCT-1,1
GCATACATCCCTGACT-1,0
GCATGCGCAGCTGCTG-1,5
GCATGTACACCTCGTT-1,3
GCCAAATAGATATACG-1,2
GCCAAATCACCATCCT-1,0
GCCTCTACATCGGAAG-1,1
GCCTCTATCAAGAAGT-1,1
GCGACCAAGTGACATA-1,3
GCGAGAAGTCGAGTTT-1,0
GCGCCAAAGGCATTGG-1,2
GCGCGATGTGCTGTAT-1,3
GCGCGATTCTTGCATT-1,0
GCTCCTAGTCTAAAGA-1,0
GCTCTGTAGTCGTTTG-1,1
GCTCTGTGTCTAAAGA-1,1
GCTGCAGAGCCCTAAT-1,0
GCTGCAGTCAACGGGA-1,1
GCTGCAGTCGTTTGCC-1,0
GCTGCAGTCTGCGACG-1,3
GCTGCGAAGAACAACT-1,2
GCTGCGAGTAAACGCG-1,0
GCTGCGATCGAATGCT-1,6
GCTGCTTCAGCTGTAT-1,0
GCTGCTTGTCCGAAGA-1,4
GCTGCTTTCCAATGGT-1,0
GCTGGGTCAATGAATG-1,3
GCTTCCAAGTGAAGTT-1,5
GCTTCCACACGAGGTA-1,0
GGAAAGCAGGAGTAGA-1,0
GGAACTTTCACCCTCA-1,4
GGAACTTTCTGAGTGT-1,4
GGACAGAAGTCAAGGC-1,0
GGACGTCAGGGTGTTG-1,2
GGACGTCCACGCGAAA-1,0
GGAGCAACATTACGAC-1,4
GGAGCAATCTGTCAAG-1,1
GGATGTTAGTGTACGG-1,1
GGATGTTTCGTGGTCG-1,4
GGATTACAGAGGACGG-1,5
GGATTACCACGGTAAG-1,0
GGATTACGTGCCTGTG-1,3
GGCAATTCATGATCCA-1,1
GGCAATTGTAAATACG-1,1
GGCCGATCAAGGACTG-1,1
GGCGACTCAAATCCGT-1,0
GGCGACTCAGTATAAG-1,5
GGCGTGTCAATCCAAC-1,2
GGCGTGTTCGTGGACC-1,4
GGCTCGACAAGCTGTT-1,0
GGCTCGATCACATACG-1,1
GGCTGGTCAGGGCATA-1,1
GGCTGGTGTGTCGCTG-1,1
GGGAATGTCCGCAGTG-1,1
GGGACCTCACTCTGTC-1,1
GGGACCTCAGACGCAA-1,5
GGGACCTGTTATCGGT-1,5
GGGAGATAGGTGCTTT-1,3
GGGATGATCCGAAGAG-1,4
GGGCATCCAGTCGATT-1,0
GGGCATCGTACCCAAT-1,5
GGGTCTGCATTGTGCA-1,0
GGTATTGCACAGAGGT-1,0
GGTATTGGTCGGCACT-1,0
GGTGAAGTCGACCAGC-1,1
GGTGCGTGTATATCCG-1,0
GGTGTTAAGCTAGTGG-1,3
GGTGTTATCAGTGCAT-1,0
GTAACGTAGCTAACAA-1,2
GTAACGTGTCTTGTCC-1,0
GTAACGTGTTGAGTTC-1,1
GTAACGTGTTTGCATG-1,0
GTAACTGGTAAGTTCC-1,6
GTAACTGGTCGCGTGT-1,2
GTAGGCCAGCTAACAA-1,0
GTAGGCCCAGCCTATA-1,1
GTAGGCCTCAACGGGA-1,1
GTAGGCCTCTCGAGTA-1,6
GTATCTTAGGTGATAT-1,1
GTATCTTTCATCGGAT-1,0
GTATTCTTCACCATAG-1,1
GTATTCTTCCGTCATC-1,0
GTCAAGTAGAGGTTGC-1,0
GTCACAAGTTCCTCCA-1,1
GTCACGGCATGGATGG-1,1
GTCATTTAGTGTGAAT-1,1
GTCATTTGTAGGAGTC-1,0
GTCATTTTCACCGTAA-1,1
GTCATTTTCCCAACGG-1,0
GTCCTCACATTCTCAT-1,0
GTCCTCATCTGTCCGT-1,3
GTCGTAAAGCTGATAA-1,0
GTCGTAATCCTAGGGC-1,2
GTCGTAATCTTTAGTC-1,5
GTCTTCGAGCGTCTAT-1,0
GTGCAGCAGATGCGAC-1,0
GTGCAGCGTTGGAGGT-1,3
GTGCATACACGCTTTC-1,2
GTGCATACATGGTCTA-1,6
GTGCGGTCACGAAATA-1,3
GTGCTTCCACATAACC-1,3
GTGGGTCAGAGGTTGC-1,3
GTGGGTCCAAGCTGAG-1,0
GTGGGTCTCCAGAGGA-1,6
GTGTTAGAGCTGCAAG-1,1
GTGTTAGCAACTGCTA-1,1
GTTAAGCCATTCTCAT-1,0
GTTAAGCTCAAGGTAA-1,0
GTTCATTAGAGTCTGG-1,0
GTTCGGGAGCTTATCG-1,0
GTTCTCGAGGCATGTG-1,1
GTTCTCGAGTACGTTC-1,5
GTTCTCGGTCTAGCGC-1,1
GTTTCTACAGATCCAT-1,1
TAAACCGAGCCACCTG-1,1
TAAGAGACACGTAAGG-1,1
TAAGAGACATGGATGG-1,0
TAAGAGATCCCGGATG-1,1
TACAGTGGTTCCACGG-1,5
TACCTATAGCGAGAAA-1,0
TACCTATGTCGCATCG-1,2
TACCTTAGTCCAACTA-1,0
TACCTTATCGTGGGAA-1,3
TACGGATAGGCAATTA-1,1
TACGGATCATGGAATA-1,2
TACGGATGTATAAACG-1,0
TACGGGCAGTCTCGGC-1,1
TACGGTAAGAGTAATC-1,2
TACGGTAAGCTACCTA-1,2
TACGGTACAAGTTCTG-1,0
TACTCATTCAAGGTAA-1,0
TACTCGCGTCTTGCGG-1,0
TACTTACTCTCCAACC-1,5
TAGCCGGGTCGAACAG-1,0
TAGCCGGGTTCGTGAT-1,3
TAGGCATGTCTCCATC-1,0
TAGGCATTCAAACCAC-1,1
TAGTTGGAGTGTTGAA-1,5
TAGTTGGGTAGTACCT-1,1
TAGTTGGTCACGAAGG-1,1
TATCTCAAGCTACCTA-1,2
TATCTCACAAGGACAC-1,1
TATCTCACAATCACAC-1,4
TATTACCCACCGAAAG-1,4
TATTACCTCGTAGGTT-1,0
TCAACGAAGACGCTTT-1,0
TCAACGATCTTTAGGG-1,1
TCACAAGAGTAGCGGT-1,4
TCAGCTCAGTCGCCGT-1,1
TCAGCTCAGTGCTGCC-1,3
TCAGCTCGTGGACGAT-1,5
TCAGCTCGTTGATTGC-1,0
TCAGGATAGACAGGCT-1,4
TCAGGATCACTGTGTA-1,1
TCAGGATGTCTAGTCA-1,1
TCAGGTACATAACCTG-1,1
TCATTACCACATCTTT-1,0
TCATTACTCACCGTAA-1,0
TCATTTGTCCACTCCA-1,4
TCCACACCACTCGACG-1,5
TCCCGATTCCATGAAC-1,6
TCCCGATTCCGTAGGC-1,1
TCGAGGCGTATGCTTG-1,0
TCGAGGCTCTGAGTGT-1,0
TCGCGAGGTTGGGACA-1,1
TCGGGACAGTCAAGGC-1,3
TCGGGACCAGGTGCCT-1,5
TCGGGACCATCACCCT-1,3
TCGGGACGTTCGGGCT-1,1
TCGGTAACATTGGCGC-1,0
TCGTACCAGTTACGGG-1,0
TCGTACCTCAACGCTA-1,0
TCGTACCTCTGTACGA-1,4
TCGTAGATCGCATGGC-1,2
TCTATTGCACTGAAGG-1,0
TCTCATAGTGTAACGG-1,3
TCTGAGACAGCTGTGC-1,3
TCTGGAATCGAGCCCA-1,1
TCTTCGGGTAGGACAC-1,3
TCTTTCCGTCGCGTGT-1,2
TGACAACAGATATGGT-1,5
TGACGGCAGAGAGCTC-1,2
TGACGGCGTAAGTAGT-1,0
TGACTTTCATTCTCAT-1,1
TGACTTTTCAAACCGT-1,1
TGACTTTTCGTAGATC-1,0
TGAGCATCATGCTGGC-1,2
TGAGCCGGTCGGCATC-1,0
TGAGGGAAGCGTGAAC-1,1
TGAGGGACATACCATG-1,5
TGCACCTCAAGTTCTG-1,3
TGCACCTCAGCCTGTG-1,6
TGCACCTTCCAAGTAC-1,1
TGCCAAAGTGTGCCTG-1,3
TGCCCATTCGGTCTAA-1,4
TGCCCATTCTGCTTGC-1,2
TGCCCTACATGGAATA-1,0
TGCGCAGCACTTCGAA-1,1
TGCGGGTCAGATGGGT-1,0
TGCGGGTCATCGACGC-1,4
TGCGGGTGTATGGTTC-1,0
TGCGTGGGTAGCTGCC-1,2
TGCGTGGTCCAGGGCT-1,0
TGCTACCCAAGAAGAG-1,4
TGCTACCTCACAAACC-1,5
TGCTACCTCCCTTGCA-1,3
TGCTGCTCATCGACGC-1,5
TGCTGCTGTAACGTTC-1,6
TGCTGCTTCACAGGCC-1,4
TGGACGCCACGGACAA-1,0
TGGACGCCACTTACGA-1,0
TGGACGCCAGCCAGAA-1,4
TGGACGCGTTACGACT-1,1
TGGACGCTCTGGCGTG-1,1
TGGCGCAGTAAGTAGT-1,1
TGGCTGGTCGAATGCT-1,0
TGGGAAGAGGCGCTCT-1,1
TGGGAAGGTACAAGTA-1,5
TGGGCGTCATAGGATA-1,1
TGGTTAGCAAGAAGAG-1,5
TGGTTAGCATGTCGAT-1,2
TGTATTCAGCAGCCTC-1,0
TGTATTCAGCGAAGGG-1,0
TGTCCCACAGCTGTTA-1,3
TGTCCCAGTCGCGTGT-1,1
TGTGGTAGTTCCAACA-1,1
TGTGTTTCATTACGAC-1,5
TTAGGCACAGAAGCAC-1,2
TTAGGCAGTACTCGCG-1,1
TTAGTTCAGCTAACAA-1,0
TTAGTTCCATCCGGGT-1,0
TTAGTTCGTCTTCTCG-1,1
TTAGTTCTCTCTGCTG-1,1
TTATGCTTCCCAAGTA-1,1
TTATGCTTCCTTAATC-1,2
TTCCCAGCATAAGACA-1,2
TTCCCAGGTTGTTTGG-1,1
TTCGGTCAGACAATAC-1,0
TTCGGTCCAATCCGAT-1,0
TTCGGTCCACTGTTAG-1,0
TTCGGTCTCAGCTCTC-1,3
TTCTACAAGAGCAATT-1,1
TTCTCCTTCACCGTAA-1,5
TTCTTAGGTTTGGGCC-1,6
TTCTTAGTCATGGTCA-1,1
TTGCCGTAGCTATGCT-1,6
TTGCCGTGTTGCGCAC-1,5
TTGCCGTGTTGTTTGG-1,5
TTGCGTCAGCAGATCG-1,4
TTGGAACAGTTGCAGG-1,0
TTGGCAAAGTGGTAAT-1,4
TTGTAGGAGGTGGGTT-1,0
TTTACTGCAGACGCTC-1,0
TTTATGCTCGATAGAA-1,0
TTTCCTCGTATCACCA-1,5
TTTCCTCTCCAGGGCT-1,1
TTTGCGCAGGACAGCT-1,1
TTTGGTTCAGACTCGC-1,3
TTTGTCAAGTGGAGAA-1,3
TTTGTCACAAGCCATT-1,2
TTTGTCAGTCGATTGT-1,1
TTTGTCAGTGCGCTTG-1,6
